﻿<parameters>
  <parameter name="IIS Web Application Name" defaultValue="Default Web Site/Dashboard.Web_deploy" tags="IisApp">
    <parameterEntry kind="ProviderPath" scope="IisApp" match="^C:\\a2\\843646f2f9341349\\Dashboard\.Web\\obj\\DevCD\\Package\\PackageTmp$" />
    <parameterEntry kind="ProviderPath" scope="setAcl" match="^C:\\a2\\843646f2f9341349\\Dashboard\.Web\\obj\\DevCD\\Package\\PackageTmp$" />
  </parameter>
  <parameter name="Add write permission to App_Data Folder" description="Add write permission to App_Data folder" defaultValue="{IIS Web Application Name}/App_Data" tags="Hidden">
    <parameterEntry kind="ProviderPath" scope="setAcl" match="^C:\\a2\\843646f2f9341349\\Dashboard\.Web\\obj\\DevCD\\Package\\PackageTmp\\App_Data$" />
  </parameter>
  <parameter name="LoggingDb-Web.config Connection String" description="LoggingDb Connection String used in web.config by the application to access the database." defaultValue="Data Source=.;Initial Catalog=WGReport_CD;Integrated Security=True" tags="SqlConnectionString">
    <parameterEntry kind="XmlFile" scope="C:\\a2\\843646f2f9341349\\Dashboard\.Web\\obj\\DevCD\\Package\\PackageTmp\\Web\.config$" match="/configuration/connectionStrings/add[@name='LoggingDb']/@connectionString" />
  </parameter>
  <parameter name="WGReportConnection-Web.config Connection String" description="WGReportConnection Connection String used in web.config by the application to access the database." defaultValue="Data Source=.;Initial Catalog=WGReport_CD;Integrated Security=True" tags="SqlConnectionString">
    <parameterEntry kind="XmlFile" scope="C:\\a2\\843646f2f9341349\\Dashboard\.Web\\obj\\DevCD\\Package\\PackageTmp\\Web\.config$" match="/configuration/connectionStrings/add[@name='WGReportConnection']/@connectionString" />
  </parameter>
  <parameter name="WGEvidenceLibraryConnection-Web.config Connection String" description="WGEvidenceLibraryConnection Connection String used in web.config by the application to access the database." defaultValue="Data Source=.;Initial Catalog=WGEvidenceLibrary_CD;Integrated Security=True" tags="SqlConnectionString">
    <parameterEntry kind="XmlFile" scope="C:\\a2\\843646f2f9341349\\Dashboard\.Web\\obj\\DevCD\\Package\\PackageTmp\\Web\.config$" match="/configuration/connectionStrings/add[@name='WGEvidenceLibraryConnection']/@connectionString" />
  </parameter>
</parameters>